{"cameraMode":{"drawMode":0,"name":"Shaded","section":"Shading Mode"},"sceneLighting":false,"audioPlay":false,"sceneViewState":{"m_AlwaysRefresh":false,"showFog":true,"showSkybox":false,"showFlares":true,"showImageEffects":true,"showParticleSystems":true,"showVisualEffectGraphs":true,"m_FxEnabled":true},"in2DMode":false,"pivot":{"x":-0.7747711539268494,"y":0.7852356433868408,"z":0.34726160764694216},"rotation":{"x":-0.23537324368953706,"y":-0.3342122733592987,"z":-0.08658715337514878,"w":0.9085214138031006},"size":0.3280259370803833,"orthographic":true}