{"cameraMode":{"drawMode":0,"name":"Shaded","section":"Shading Mode"},"sceneLighting":false,"audioPlay":false,"sceneViewState":{"m_AlwaysRefresh":false,"showFog":true,"showSkybox":false,"showFlares":true,"showImageEffects":true,"showParticleSystems":true,"showVisualEffectGraphs":true,"m_FxEnabled":true},"in2DMode":false,"pivot":{"x":-1.7475793361663819,"y":-0.8468345403671265,"z":0.32443690299987795},"rotation":{"x":-0.5020208358764648,"y":0.038831643760204318,"z":-0.02253342792391777,"w":-0.863726019859314},"size":6.489009380340576,"orthographic":false}