{"cameraMode":{"drawMode":0,"name":"Shaded","section":"Shading Mode"},"sceneLighting":false,"audioPlay":false,"sceneViewState":{"m_AlwaysRefresh":false,"showFog":true,"showSkybox":false,"showFlares":true,"showImageEffects":true,"showParticleSystems":true,"showVisualEffectGraphs":true,"m_FxEnabled":true},"in2DMode":false,"pivot":{"x":0.16671550273895265,"y":-0.4014137387275696,"z":0.886233925819397},"rotation":{"x":-0.31273671984672549,"y":-0.12574131786823274,"z":0.041810985654592517,"w":-0.940561056137085},"size":1.1098852157592774,"orthographic":false}