{"cameraMode":{"drawMode":0,"name":"Shaded","section":"Shading Mode"},"sceneLighting":true,"audioPlay":false,"sceneViewState":{"m_AlwaysRefresh":false,"showFog":true,"showSkybox":true,"showFlares":true,"showImageEffects":true,"showParticleSystems":true,"showVisualEffectGraphs":true,"m_FxEnabled":true},"in2DMode":false,"pivot":{"x":-0.20421618223190309,"y":0.09859234094619751,"z":1.6912779808044434},"rotation":{"x":-0.1630348563194275,"y":0.022786062210798265,"z":-0.0037662966642528774,"w":-0.9863525032997131},"size":2.5830767154693605,"orthographic":false}