{"cameraMode":{"drawMode":0,"name":"Shaded","section":"Shading Mode"},"sceneLighting":true,"audioPlay":false,"sceneViewState":{"m_AlwaysRefresh":false,"showFog":true,"showSkybox":true,"showFlares":true,"showImageEffects":true,"showParticleSystems":true,"showVisualEffectGraphs":true,"m_FxEnabled":true},"in2DMode":false,"pivot":{"x":4.842366695404053,"y":0.8137476444244385,"z":4.425746440887451},"rotation":{"x":0.23032896220684052,"y":0.6755339503288269,"z":-0.23592624068260194,"w":0.6595128774642944},"size":1.2957221269607545,"orthographic":false}