{"cameraMode":{"drawMode":0,"name":"Shaded","section":"Shading Mode"},"sceneLighting":true,"audioPlay":false,"sceneViewState":{"m_AlwaysRefresh":false,"showFog":true,"showSkybox":true,"showFlares":true,"showImageEffects":true,"showParticleSystems":true,"showVisualEffectGraphs":true,"m_FxEnabled":true},"in2DMode":false,"pivot":{"x":-0.3774217367172241,"y":1.4630900621414185,"z":-1.7318133115768433},"rotation":{"x":0.1680963933467865,"y":0.0029573782812803985,"z":-0.0005043438286520541,"w":0.9857704043388367},"size":1.6484254598617554,"orthographic":true}