{"cameraMode":{"drawMode":0,"name":"Shaded","section":"Shading Mode"},"sceneLighting":false,"audioPlay":false,"sceneViewState":{"m_AlwaysRefresh":false,"showFog":true,"showSkybox":false,"showFlares":true,"showImageEffects":true,"showParticleSystems":true,"showVisualEffectGraphs":true,"m_FxEnabled":true},"in2DMode":false,"pivot":{"x":-0.10259640216827393,"y":-0.02059757709503174,"z":0.39024102687835696},"rotation":{"x":0.18852078914642335,"y":0.4951736032962799,"z":-0.11091914027929306,"w":0.8408742547035217},"size":1.3611102104187012,"orthographic":false}