{"cameraMode":{"drawMode":0,"name":"Shaded","section":"Shading Mode"},"sceneLighting":false,"audioPlay":false,"sceneViewState":{"m_AlwaysRefresh":false,"showFog":true,"showSkybox":false,"showFlares":true,"showImageEffects":true,"showParticleSystems":true,"showVisualEffectGraphs":true,"m_FxEnabled":true},"in2DMode":false,"pivot":{"x":-0.34299999475479128,"y":1.8459999561309815,"z":-0.26600000262260439},"rotation":{"x":-0.044788699597120288,"y":0.3733680248260498,"z":-0.018056446686387063,"w":-0.9264513850212097},"size":0.09797964245080948,"orthographic":false}