{"cameraMode":{"drawMode":0,"name":"Shaded","section":"Shading Mode"},"sceneLighting":false,"audioPlay":false,"sceneViewState":{"m_AlwaysRefresh":false,"showFog":true,"showSkybox":false,"showFlares":true,"showImageEffects":true,"showParticleSystems":true,"showVisualEffectGraphs":true,"m_FxEnabled":true},"in2DMode":false,"pivot":{"x":0.007600314915180206,"y":0.6785602569580078,"z":-0.3311721682548523},"rotation":{"x":0.37543192505836489,"y":-0.012512331828474999,"z":0.005067439284175634,"w":0.9267571568489075},"size":2.2418112754821779,"orthographic":true}