{"cameraMode":{"drawMode":0,"name":"Shaded","section":"Shading Mode"},"sceneLighting":false,"audioPlay":false,"sceneViewState":{"m_AlwaysRefresh":false,"showFog":true,"showSkybox":false,"showFlares":true,"showImageEffects":true,"showParticleSystems":true,"showVisualEffectGraphs":true,"m_FxEnabled":true},"in2DMode":false,"pivot":{"x":-0.034703828394412997,"y":0.021710291504859926,"z":0.1859789788722992},"rotation":{"x":0.09854230284690857,"y":0.8798219561576843,"z":-0.20861414074897767,"w":0.41560089588165285},"size":0.14686764776706696,"orthographic":false}