{"cameraMode":{"drawMode":0,"name":"Shaded","section":"Shading Mode"},"sceneLighting":false,"audioPlay":false,"sceneViewState":{"m_AlwaysRefresh":false,"showFog":true,"showSkybox":false,"showFlares":true,"showImageEffects":true,"showParticleSystems":true,"showVisualEffectGraphs":true,"m_FxEnabled":true},"in2DMode":false,"pivot":{"x":-0.3353787958621979,"y":1.8434867858886719,"z":-0.26442378759384158},"rotation":{"x":0.01001910399645567,"y":0.9836801290512085,"z":-0.17018210887908936,"w":0.057906389236450198},"size":0.06928200274705887,"orthographic":false}