{"cameraMode":{"drawMode":0,"name":"Shaded","section":"Shading Mode"},"sceneLighting":false,"audioPlay":false,"sceneViewState":{"m_AlwaysRefresh":false,"showFog":true,"showSkybox":false,"showFlares":true,"showImageEffects":true,"showParticleSystems":true,"showVisualEffectGraphs":true,"m_FxEnabled":true},"in2DMode":false,"pivot":{"x":-0.010058975778520108,"y":0.006713975220918655,"z":-0.003000780940055847},"rotation":{"x":0.002877284539863467,"y":0.9892152547836304,"z":-0.1452682912349701,"w":0.01958833448588848},"size":0.06928203254938126,"orthographic":false}