{"cameraMode":{"drawMode":0,"name":"Shaded","section":"Shading Mode"},"sceneLighting":true,"audioPlay":false,"sceneViewState":{"m_AlwaysRefresh":false,"showFog":true,"showSkybox":true,"showFlares":true,"showImageEffects":true,"showParticleSystems":true,"showVisualEffectGraphs":true,"m_FxEnabled":true},"in2DMode":false,"pivot":{"x":1.4987835884094239,"y":-2.1243879795074465,"z":-2.3747177124023439},"rotation":{"x":0.14639577269554139,"y":0.8440983295440674,"z":-0.2894168198108673,"w":0.4269704818725586},"size":3.8445985317230226,"orthographic":false}