{"cameraMode":{"drawMode":0,"name":"Shaded","section":"Shading Mode"},"sceneLighting":false,"audioPlay":false,"sceneViewState":{"m_AlwaysRefresh":false,"showFog":true,"showSkybox":false,"showFlares":true,"showImageEffects":true,"showParticleSystems":true,"showVisualEffectGraphs":true,"m_FxEnabled":true},"in2DMode":false,"pivot":{"x":-0.34299999475479128,"y":1.8459999561309815,"z":-0.26600000262260439},"rotation":{"x":-0.1296239048242569,"y":-0.6075632572174072,"z":0.10138174891471863,"w":-0.7770684957504273},"size":0.09797964245080948,"orthographic":false}