{"cameraMode":{"drawMode":0,"name":"Shaded","section":"Shading Mode"},"sceneLighting":false,"audioPlay":false,"sceneViewState":{"m_AlwaysRefresh":false,"showFog":true,"showSkybox":false,"showFlares":true,"showImageEffects":true,"showParticleSystems":true,"showVisualEffectGraphs":true,"m_FxEnabled":true},"in2DMode":false,"pivot":{"x":-0.6244096755981445,"y":0.08300039172172547,"z":0.24550658464431764},"rotation":{"x":-0.13613265752792359,"y":0.43050041794776919,"z":-0.0658651664853096,"w":-0.8898481130599976},"size":1.2658109664916993,"orthographic":false}